Workbook

Sheet Dashboard
B1: Medical Devices - Forecast Accuracy Dashboard
B3: Statistical vs Consensus vs Improved Statistical Forecast
B5: Statistical WAPE | C5: Consensus WAPE | D5: Improved Stat. WAPE | E5: Statistical Bias (ME)
B6: ='Forecast_Accuracy Metrics'!B5 -> 0.12048881 | C6: ='Forecast_Accuracy Metrics'!C5 -> 0.043694824 | D6: ='Forecast_Accuracy Metrics'!D5 -> 0.04901497 | E6: ='Forecast_Accuracy Metrics'!B7 -> 8.08125
B8: Select a SKU to drill down: | C8: SKU-OS-02 | D8: Total Volume: | E8: =INDEX(SKU_Pareto!C4:C13,MATCH($C$8,SKU_Pareto!A4:A13,0)) -> 10240 | F8: Stat_ WAPE: | G8: =INDEX(SKU_Pareto!F4:F13,MATCH($C$8,SKU_Pareto!A4:A13,0)) -> 0.12431641 | H8: Cons_ WAPE: | I8: =INDEX(SKU_Pareto!G4:G13,MATCH($C$8,SKU_Pareto!A4:A13,0)) -> 0.051660156 | J8: Improved_WAPE: | K8: =INDEX(SKU_Pareto!H4:H13,MATCH($C$8,SKU_Pareto!A4:A13,0)) -> 0.056054687
B10: Select a Region to drill down: | C10: LATAM | D10: Stat MAPE: | E10: =INDEX('Region Category'!B4:B7,MATCH($C$10,'Region Category'!A4:A7,0)) -> 0.11413236 | F10: Cons_MAPE: | G10: =INDEX('Region Category'!C4:C7,MATCH($C$10,'Region Category'!A4:A7,0)) -> 0.044646174 | H10: Improved_MAPE: | I10: =INDEX('Region Category'!D4:D7,MATCH($C$10,'Region Category'!A4:A7,0)) -> 0.058900977

Sheet Calculations
A1: SKU | B1: Category | C1: Region | D1: Month | E1: Actual_Sales | F1: Statistical_Forecast | G1: Consensus_Forecast | H1: Promotion_Flag | I1: Stockout_Flag | J1: Stat_AbsErr | K1: Stat_APE | L1: Cons_AbsErr | M1: Cons_APE | N1: Improved_Stat_Forecast | O1: ImpStat_AbsErr | P1: ImpStat_APE
A2: SKU-IP-01 | B2: Infusion Pumps | C2: APAC | D2: 2024-01 | E2: 77 | F2: 93 | G2: 76 | H2: 0 | I2: 0 | J2: =ABS(F2-E2) -> 16 | K2: =J2/E2 -> 0.20779221 | L2: =ABS(G2-E2) -> 1 | M2: =(L2/E2) -> 0.012987013 | N2: 88 | O2: =ABS(N2-E2) -> 11 | P2: =O2/E2 -> 0.14285714
A3: SKU-IP-01 | B3: Infusion Pumps | C3: APAC | D3: 2024-02 | E3: 73 | F3: 86 | G3: 71 | H3: 0 | I3: 0 | J3: =ABS(F3-E3) -> 13 | K3: =J3/E3 -> 0.17808219 | L3: =ABS(G3-E3) -> 2 | M3: =(L3/E3) -> 0.02739726 | N3: 81 | O3: =ABS(N3-E3) -> 8 | P3: =O3/E3 -> 0.10958904
A4: SKU-IP-01 | B4: Infusion Pumps | C4: APAC | D4: 2024-03 | E4: 75 | F4: 86 | G4: 69 | H4: 1 | I4: 0 | J4: =ABS(F4-E4) -> 11 | K4: =J4/E4 -> 0.14666667 | L4: =ABS(G4-E4) -> 6 | M4: =(L4/E4) -> 0.08 | N4: 79 | O4: =ABS(N4-E4) -> 4 | P4: =O4/E4 -> 0.053333333
A5: SKU-IP-01 | B5: Infusion Pumps | C5: APAC | D5: 2024-04 | E5: 78 | F5: 87 | G5: 78 | H5: 0 | I5: 0 | J5: =ABS(F5-E5) -> 9 | K5: =J5/E5 -> 0.11538462 | L5: =ABS(G5-E5) -> 0 | M5: =(L5/E5) -> 0 | N5: 76 | O5: =ABS(N5-E5) -> 2 | P5: =O5/E5 -> 0.025641026
A6: SKU-IP-01 | B6: Infusion Pumps | C6: APAC | D6: 2024-05 | E6: 67 | F6: 78 | G6: 69 | H6: 1 | I6: 0 | J6: =ABS(F6-E6) -> 11 | K6: =J6/E6 -> 0.1641791 | L6: =ABS(G6-E6) -> 2 | M6: =(L6/E6) -> 0.029850746 | N6: 71 | O6: =ABS(N6-E6) -> 4 | P6: =O6/E6 -> 0.059701493
A7: SKU-IP-01 | B7: Infusion Pumps | C7: APAC | D7: 2024-06 | E7: 31 | F7: 34 | G7: 31 | H7: 0 | I7: 1 | J7: =ABS(F7-E7) -> 3 | K7: =J7/E7 -> 0.096774194 | L7: =ABS(G7-E7) -> 0 | M7: =(L7/E7) -> 0 | N7: 33 | O7: =ABS(N7-E7) -> 2 | P7: =O7/E7 -> 0.064516129
A8: SKU-IP-01 | B8: Infusion Pumps | C8: APAC | D8: 2024-07 | E8: 56 | F8: 60 | G8: 59 | H8: 0 | I8: 0 | J8: =ABS(F8-E8) -> 4 | K8: =J8/E8 -> 0.071428571 | L8: =ABS(G8-E8) -> 3 | M8: =(L8/E8) -> 0.053571429 | N8: 58 | O8: =ABS(N8-E8) -> 2 | P8: =O8/E8 -> 0.035714286
A9: SKU-IP-01 | B9: Infusion Pumps | C9: APAC | D9: 2024-08 | E9: 43 | F9: 47 | G9: 43 | H9: 0 | I9: 0 | J9: =ABS(F9-E9) -> 4 | K9: =J9/E9 -> 0.093023256 | L9: =ABS(G9-E9) -> 0 | M9: =(L9/E9) -> 0 | N9: 51 | O9: =ABS(N9-E9) -> 8 | P9: =O9/E9 -> 0.18604651
A10: SKU-IP-01 | B10: Infusion Pumps | C10: APAC | D10: 2024-09 | E10: 57 | F10: 65 | G10: 55 | H10: 1 | I10: 0 | J10: =ABS(F10-E10) -> 8 | K10: =J10/E10 -> 0.14035088 | L10: =ABS(G10-E10) -> 2 | M10: =(L10/E10) -> 0.035087719 | N10: 58 | O10: =ABS(N10-E10) -> 1 | P10: =O10/E10 -> 0.01754386
A11: SKU-IP-01 | B11: Infusion Pumps | C11: APAC | D11: 2024-10 | E11: 30 | F11: 30 | G11: 26 | H11: 0 | I11: 1 | J11: =ABS(F11-E11) -> 0 | K11: =J11/E11 -> 0 | L11: =ABS(G11-E11) -> 4 | M11: =(L11/E11) -> 0.13333333 | N11: 33 | O11: =ABS(N11-E11) -> 3 | P11: =O11/E11 -> 0.1
A12: SKU-IP-01 | B12: Infusion Pumps | C12: APAC | D12: 2024-11 | E12: 50 | F12: 61 | G12: 50 | H12: 0 | I12: 0 | J12: =ABS(F12-E12) -> 11 | K12: =J12/E12 -> 0.22 | L12: =ABS(G12-E12) -> 0 | M12: =(L12/E12) -> 0 | N12: 55 | O12: =ABS(N12-E12) -> 5 | P12: =O12/E12 -> 0.1
A13: SKU-IP-01 | B13: Infusion Pumps | C13: APAC | D13: 2024-12 | E13: 58 | F13: 70 | G13: 57 | H13: 0 | I13: 0 | J13: =ABS(F13-E13) -> 12 | K13: =J13/E13 -> 0.20689655 | L13: =ABS(G13-E13) -> 1 | M13: =(L13/E13) -> 0.017241379 | N13: 59 | O13: =ABS(N13-E13) -> 1 | P13: =O13/E13 -> 0.017241379
... A961: SKU-ST-02 | B961: Stents (Cardiac) | C961: North America | D961: 2025-12 | E961: 47 | F961: 46 | G961: 51 | H961: 0 | I961: 0 | J961: =ABS(F961-E961) -> 1 | K961: =J961/E961 -> 0.021276596 | L961: =ABS(G961-E961) -> 4 | M961: =(L961/E961) -> 0.085106383 | N961: 49 | O961: =ABS(N961-E961) -> 2 | P961: =O961/E961 -> 0.042553191

Sheet Promo_Stockout_ Impact
A1: Effect of Promotions & Stockouts on Forecast Accuracy
A3: Promotion_Flag | B3: Statistical_MAPE | C3: Consensus_MAPE | D3: Statistical_WAPE | E3: Consensus_WAPE | F3: Avg_Actual_Sales | G3: Row_Count
A4: 0 | B4: =AVERAGEIF(Calculations!H:H,A4,Calculations!K:K) -> 0.11434276 | C4: =AVERAGEIF(Calculations!H:H,A4,Calculations!M:M) -> 0.043102824 | D4: =SUMIF(Calculations!H:H,A4,Calculations!J:J)/SUMIF(Calculations!H:H,A4,Calculations!E:E) -> 0.11897553 | E4: =SUMIF(Calculations!H:H,A4,Calculations!L:L)/SUMIF(Calculations!H:H,A4,Calculations!E:E) -> 0.043018796 | F4: =AVERAGEIF(Calculations!H:H,A4,Calculations!E:E) -> 116.64681 | G4: =COUNTIF(Calculations!H:H,A4) -> 722
A5: 1 | B5: =AVERAGEIF(Calculations!H:H,A5,Calculations!K:K) -> 0.1261478 | C5: =AVERAGEIF(Calculations!H:H,A5,Calculations!M:M) -> 0.044522124 | D5: =SUMIF(Calculations!H:H,A5,Calculations!J:J)/SUMIF(Calculations!H:H,A5,Calculations!E:E) -> 0.12507192 | E5: =SUMIF(Calculations!H:H,A5,Calculations!L:L)/SUMIF(Calculations!H:H,A5,Calculations!E:E) -> 0.045742232 | F5: =AVERAGEIF(Calculations!H:H,A5,Calculations!E:E) -> 116.84034 | G5: =COUNTIF(Calculations!H:H,A5) -> 238
A8: Stockout_Flag | B8: Statistical_MAPE | C8: Consensus_MAPE | D8: Statistical_WAPE | E8: Consensus_WAPE | F8: Avg_Actual_Sales | G8: Row_Count
A9: 0 | B9: =AVERAGEIF(Calculations!I:I,A9,Calculations!K:K) -> 0.11878123 | C9: =AVERAGEIF(Calculations!I:I,A9,Calculations!M:M) -> 0.04316394 | D9: =SUMIF(Calculations!I:I,A9,Calculations!J:J)/SUMIF(Calculations!I:I,A9,Calculations!E:E) -> 0.12111926 | E9: =SUMIF(Calculations!I:I,A9,Calculations!L:L)/SUMIF(Calculations!I:I,A9,Calculations!E:E) -> 0.043555846 | F9: =AVERAGEIF(Calculations!I:I,A9,Calculations!E:E) -> 121.90774 | G9: =COUNTIF(Calculations!I:I,A9) -> 878
A10: 1 | B10: =AVERAGEIF(Calculations!I:I,A10,Calculations!K:K) -> 0.10108207 | C10: =AVERAGEIF(Calculations!I:I,A10,Calculations!M:M) -> 0.046567864 | D10: =SUMIF(Calculations!I:I,A10,Calculations!J:J)/SUMIF(Calculations!I:I,A10,Calculations!E:E) -> 0.10697115 | E10: =SUMIF(Calculations!I:I,A10,Calculations!L:L)/SUMIF(Calculations!I:I,A10,Calculations!E:E) -> 0.046674679 | F10: =AVERAGEIF(Calculations!I:I,A10,Calculations!E:E) -> 60.878049 | G10: =COUNTIF(Calculations!I:I,A10) -> 82
A12: Month-wise Accuracy Split by Promotion Flag
A14: Month | B14: Stat_MAPE_NoPromo | C14: Stat_MAPE_Promo | D14: Cons_MAPE_NoPromo | E14: Cons_MAPE_Promo | F14: Stat_WAPE_NoPromo | G14: Stat_WAPE_Promo | H14: Cons_WAPE_NoPromo | I14: Cons_WAPE_Promo
A15: 2024-01 | B15: =AVERAGEIFS(Calculations!$K$2:$K$961,Calculations!$D$2:$D$961,'Promo_Stockout_ Impact'!A15,Calculations!$H$2:$H$961,0) -> 0.10349084 | C15: =AVERAGEIFS(Calculations!$K$2:$K$961,Calculations!$D$2:$D$961,'Promo_Stockout_ Impact'!A15,Calculations!$H$2:$H$961,1) -> 0.12035309 | D15: =AVERAGEIFS(Calculations!$M$2:$M$961,Calculations!$D$2:$D$961,'Promo_Stockout_ Impact'!A15,Calculations!$H$2:$H$961,0) -> 0.03641641 | E15: =AVERAGEIFS(Calculations!$M$2:$M$961,Calculations!$D$2:$D$961,'Promo_Stockout_ Impact'!A15,Calculations!$H$2:$H$961,1) -> 0.029890926 | F15: =IFERROR(SUMIFS(Calculations!J:J,Calculations!D:D,A15,Calculations!H:H,0)/SUMIFS(Calculations!E:E,Calculations!D:D,A15,Calculations!H:H,0),"n/a") -> 0.10142672 | G15: =IFERROR(SUMIFS(Calculations!J:J,Calculations!D:D,A15,Calculations!H:H,1)/SUMIFS(Calculations!E:E,Calculations!D:D,A15,Calculations!H:H,1),"n/a") -> 0.10735931 | H15: =IFERROR(SUMIFS(Calculations!L:L,Calculations!D:D,A15,Calculations!H:H,0)/SUMIFS(Calculations!E:E,Calculations!D:D,A15,Calculations!H:H,0),"n/a") -> 0.031387808 | I15: =IFERROR(SUMIFS(Calculations!L:L,Calculations!D:D,A15,Calculations!H:H,1)/SUMIFS(Calculations!E:E,Calculations!D:D,A15,Calculations!H:H,1),"n/a") -> 0.025974026
A16: 2024-02 | B16: =AVERAGEIFS(Calculations!$K$2:$K$961,Calculations!$D$2:$D$961,'Promo_Stockout_ Impact'!A16,Calculations!$H$2:$H$961,0) -> 0.10904074 | C16: =AVERAGEIFS(Calculations!$K$2:$K$961,Calculations!$D$2:$D$961,'Promo_Stockout_ Impact'!A16,Calculations!$H$2:$H$961,1) -> 0.12054138 | D16: =AVERAGEIFS(Calculations!$M$2:$M$961,Calculations!$D$2:$D$961,'Promo_Stockout_ Impact'!A16,Calculations!$H$2:$H$961,0) -> 0.054314408 | E16: =AVERAGEIFS(Calculations!$M$2:$M$961,Calculations!$D$2:$D$961,'Promo_Stockout_ Impact'!A16,Calculations!$H$2:$H$961,1) -> 0.03317239 | F16: =IFERROR(SUMIFS(Calculations!J:J,Calculations!D:D,A16,Calculations!H:H,0)/SUMIFS(Calculations!E:E,Calculations!D:D,A16,Calculations!H:H,0),"n/a") -> 0.10899104 | G16: =IFERROR(SUMIFS(Calculations!J:J,Calculations!D:D,A16,Calculations!H:H,1)/SUMIFS(Calculations!E:E,Calculations!D:D,A16,Calculations!H:H,1),"n/a") -> 0.1225058 | H16: =IFERROR(SUMIFS(Calculations!L:L,Calculations!D:D,A16,Calculations!H:H,0)/SUMIFS(Calculations!E:E,Calculations!D:D,A16,Calculations!H:H,0),"n/a") -> 0.05174906 | I16: =IFERROR(SUMIFS(Calculations!L:L,Calculations!D:D,A16,Calculations!H:H,1)/SUMIFS(Calculations!E:E,Calculations!D:D,A16,Calculations!H:H,1),"n/a") -> 0.036194896
A17: 2024-03 | B17: =AVERAGEIFS(Calculations!$K$2:$K$961,Calculations!$D$2:$D$961,'Promo_Stockout_ Impact'!A17,Calculations!$H$2:$H$961,0) -> 0.13711601 | C17: =AVERAGEIFS(Calculations!$K$2:$K$961,Calculations!$D$2:$D$961,'Promo_Stockout_ Impact'!A17,Calculations!$H$2:$H$961,1) -> 0.13439767 | D17: =AVERAGEIFS(Calculations!$M$2:$M$961,Calculations!$D$2:$D$961,'Promo_Stockout_ Impact'!A17,Calculations!$H$2:$H$961,0) -> 0.047847794 | E17: =AVERAGEIFS(Calculations!$M$2:$M$961,Calculations!$D$2:$D$961,'Promo_Stockout_ Impact'!A17,Calculations!$H$2:$H$961,1) -> 0.04270107 | F17: =IFERROR(SUMIFS(Calculations!J:J,Calculations!D:D,A17,Calculations!H:H,0)/SUMIFS(Calculations!E:E,Calculations!D:D,A17,Calculations!H:H,0),"n/a") -> 0.13290653 | G17: =IFERROR(SUMIFS(Calculations!J:J,Calculations!D:D,A17,Calculations!H:H,1)/SUMIFS(Calculations!E:E,Calculations!D:D,A17,Calculations!H:H,1),"n/a") -> 0.13048566 | H17: =IFERROR(SUMIFS(Calculations!L:L,Calculations!D:D,A17,Calculations!H:H,0)/SUMIFS(Calculations!E:E,Calculations!D:D,A17,Calculations!H:H,0),"n/a") -> 0.043021767 | I17: =IFERROR(SUMIFS(Calculations!L:L,Calculations!D:D,A17,Calculations!H:H,1)/SUMIFS(Calculations!E:E,Calculations!D:D,A17,Calculations!H:H,1),"n/a") -> 0.040374488
A18: 2024-04 | B18: =AVERAGEIFS(Calculations!$K$2:$K$961,Calculations!$D$2:$D$961,'Promo_Stockout_ Impact'!A18,Calculations!$H$2:$H$961,0) -> 0.119024 | C18: =AVERAGEIFS(Calculations!$K$2:$K$961,Calculations!$D$2:$D$961,'Promo_Stockout_ Impact'!A18,Calculations!$H$2:$H$961,1) -> 0.13119953 | D18: =AVERAGEIFS(Calculations!$M$2:$M$961,Calculations!$D$2:$D$961,'Promo_Stockout_ Impact'!A18,Calculations!$H$2:$H$961,0) -> 0.036215312 | E18: =AVERAGEIFS(Calculations!$M$2:$M$961,Calculations!$D$2:$D$961,'Promo_Stockout_ Impact'!A18,Calculations!$H$2:$H$961,1) -> 0.050506648 | F18: =IFERROR(SUMIFS(Calculations!J:J,Calculations!D:D,A18,Calculations!H:H,0)/SUMIFS(Calculations!E:E,Calculations!D:D,A18,Calculations!H:H,0),"n/a") -> 0.13456541 | G18: =IFERROR(SUMIFS(Calculations!J:J,Calculations!D:D,A18,Calculations!H:H,1)/SUMIFS(Calculations!E:E,Calculations!D:D,A18,Calculations!H:H,1),"n/a") -> 0.13735996 | H18: =IFERROR(SUMIFS(Calculations!L:L,Calculations!D:D,A18,Calculations!H:H,0)/SUMIFS(Calculations!E:E,Calculations!D:D,A18,Calculations!H:H,0),"n/a") -> 0.033785735 | I18: =IFERROR(SUMIFS(Calculations!L:L,Calculations!D:D,A18,Calculations!H:H,1)/SUMIFS(Calculations!E:E,Calculations!D:D,A18,Calculations!H:H,1),"n/a") -> 0.051631758
A19: 2024-05 | B19: =AVERAGEIFS(Calculations!$K$2:$K$961,Calculations!$D$2:$D$961,'Promo_Stockout_ Impact'!A19,Calculations!$H$2:$H$961,0) -> 0.12707169 | C19: =AVERAGEIFS(Calculations!$K$2:$K$961,Calculations!$D$2:$D$961,'Promo_Stockout_ Impact'!A19,Calculations!$H$2:$H$961,1) -> 0.10816282 | D19: =AVERAGEIFS(Calculations!$M$2:$M$961,Calculations!$D$2:$D$961,'Promo_Stockout_ Impact'!A19,Calculations!$H$2:$H$961,0) -> 0.042426342 | E19: =AVERAGEIFS(Calculations!$M$2:$M$961,Calculations!$D$2:$D$961,'Promo_Stockout_ Impact'!A19,Calculations!$H$2:$H$961,1) -> 0.048994922 | F19: =IFERROR(SUMIFS(Calculations!J:J,Calculations!D:D,A19,Calculations!H:H,0)/SUMIFS(Calculations!E:E,Calculations!D:D,A19,Calculations!H:H,0),"n/a") -> 0.12411682 | G19: =IFERROR(SUMIFS(Calculations!J:J,Calculations!D:D,A19,Calculations!H:H,1)/SUMIFS(Calculations!E:E,Calculations!D:D,A19,Calculations!H:H,1),"n/a") -> 0.10743802 | H19: =IFERROR(SUMIFS(Calculations!L:L,Calculations!D:D,A19,Calculations!H:H,0)/SUMIFS(Calculations!E:E,Calculations!D:D,A19,Calculations!H:H,0),"n/a") -> 0.042157325 | I19: =IFERROR(SUMIFS(Calculations!L:L,Calculations!D:D,A19,Calculations!H:H,1)/SUMIFS(Calculations!E:E,Calculations!D:D,A19,Calculations!H:H,1),"n/a") -> 0.050619835
A20: 2024-06 | B20: =AVERAGEIFS(Calculations!$K$2:$K$961,Calculations!$D$2:$D$961,'Promo_Stockout_ Impact'!A20,Calculations!$H$2:$H$961,0) -> 0.099978697 | C20: =AVERAGEIFS(Calculations!$K$2:$K$961,Calculations!$D$2:$D$961,'Promo_Stockout_ Impact'!A20,Calculations!$H$2:$H$961,1) -> 0.12223547 | D20: =AVERAGEIFS(Calculations!$M$2:$M$961,Calculations!$D$2:$D$961,'Promo_Stockout_ Impact'!A20,Calculations!$H$2:$H$961,0) -> 0.048873351 | E20: =AVERAGEIFS(Calculations!$M$2:$M$961,Calculations!$D$2:$D$961,'Promo_Stockout_ Impact'!A20,Calculations!$H$2:$H$961,1) -> 0.034694925 | F20: =IFERROR(SUMIFS(Calculations!J:J,Calculations!D:D,A20,Calculations!H:H,0)/SUMIFS(Calculations!E:E,Calculations!D:D,A20,Calculations!H:H,0),"n/a") -> 0.10897436 | G20: =IFERROR(SUMIFS(Calculations!J:J,Calculations!D:D,A20,Calculations!H:H,1)/SUMIFS(Calculations!E:E,Calculations!D:D,A20,Calculations!H:H,1),"n/a") -> 0.12880325 | H20: =IFERROR(SUMIFS(Calculations!L:L,Calculations!D:D,A20,Calculations!H:H,0)/SUMIFS(Calculations!E:E,Calculations!D:D,A20,Calculations!H:H,0),"n/a") -> 0.052350427 | I20: =IFERROR(SUMIFS(Calculations!L:L,Calculations!D:D,A20,Calculations!H:H,1)/SUMIFS(Calculations!E:E,Calculations!D:D,A20,Calculations!H:H,1),"n/a") -> 0.048681542
A21: 2024-07 | B21: =AVERAGEIFS(Calculations!$K$2:$K$961,Calculations!$D$2:$D$961,'Promo_Stockout_ Impact'!A21,Calculations!$H$2:$H$961,0) -> 0.12399475 | C21: =AVERAGEIFS(Calculations!$K$2:$K$961,Calculations!$D$2:$D$961,'Promo_Stockout_ Impact'!A21,Calculations!$H$2:$H$961,1) -> 0.11566221 | D21: =AVERAGEIFS(Calculations!$M$2:$M$961,Calculations!$D$2:$D$961,'Promo_Stockout_ Impact'!A21,Calculations!$H$2:$H$961,0) -> 0.041364263 | E21: =AVERAGEIFS(Calculations!$M$2:$M$961,Calculations!$D$2:$D$961,'Promo_Stockout_ Impact'!A21,Calculations!$H$2:$H$961,1) -> 0.045851839 | F21: =IFERROR(SUMIFS(Calculations!J:J,Calculations!D:D,A21,Calculations!H:H,0)/SUMIFS(Calculations!E:E,Calculations!D:D,A21,Calculations!H:H,0),"n/a") -> 0.11731512 | G21: =IFERROR(SUMIFS(Calculations!J:J,Calculations!D:D,A21,Calculations!H:H,1)/SUMIFS(Calculations!E:E,Calculations!D:D,A21,Calculations!H:H,1),"n/a") -> 0.1408284 | H21: =IFERROR(SUMIFS(Calculations!L:L,Calculations!D:D,A21,Calculations!H:H,0)/SUMIFS(Calculations!E:E,Calculations!D:D,A21,Calculations!H:H,0),"n/a") -> 0.040986041 | I21: =IFERROR(SUMIFS(Calculations!L:L,Calculations!D:D,A21,Calculations!H:H,1)/SUMIFS(Calculations!E:E,Calculations!D:D,A21,Calculations!H:H,1),"n/a") -> 0.047337278
A22: 2024-08 | B22: =AVERAGEIFS(Calculations!$K$2:$K$961,Calculations!$D$2:$D$961,'Promo_Stockout_ Impact'!A22,Calculations!$H$2:$H$961,0) -> 0.087285809 | C22: =AVERAGEIFS(Calculations!$K$2:$K$961,Calculations!$D$2:$D$961,'Promo_Stockout_ Impact'!A22,Calculations!$H$2:$H$961,1) -> 0.14574907 | D22: =AVERAGEIFS(Calculations!$M$2:$M$961,Calculations!$D$2:$D$961,'Promo_Stockout_ Impact'!A22,Calculations!$H$2:$H$961,0) -> 0.036298636 | E22: =AVERAGEIFS(Calculations!$M$2:$M$961,Calculations!$D$2:$D$961,'Promo_Stockout_ Impact'!A22,Calculations!$H$2:$H$961,1) -> 0.055713187 | F22: =IFERROR(SUMIFS(Calculations!J:J,Calculations!D:D,A22,Calculations!H:H,0)/SUMIFS(Calculations!E:E,Calculations!D:D,A22,Calculations!H:H,0),"n/a") -> 0.091531756 | G22: =IFERROR(SUMIFS(Calculations!J:J,Calculations!D:D,A22,Calculations!H:H,1)/SUMIFS(Calculations!E:E,Calculations!D:D,A22,Calculations!H:H,1),"n/a") -> 0.13021703 | H22: =IFERROR(SUMIFS(Calculations!L:L,Calculations!D:D,A22,Calculations!H:H,0)/SUMIFS(Calculations!E:E,Calculations!D:D,A22,Calculations!H:H,0),"n/a") -> 0.03486924 | I22: =IFERROR(SUMIFS(Calculations!L:L,Calculations!D:D,A22,Calculations!H:H,1)/SUMIFS(Calculations!E:E,Calculations!D:D,A22,Calculations!H:H,1),"n/a") -> 0.060100167
A23: 2024-09 | B23: =AVERAGEIFS(Calculations!$K$2:$K$961,Calculations!$D$2:$D$961,'Promo_Stockout_ Impact'!A23,Calculations!$H$2:$H$961,0) -> 0.11046949 | C23: =AVERAGEIFS(Calculations!$K$2:$K$961,Calculations!$D$2:$D$961,'Promo_Stockout_ Impact'!A23,Calculations!$H$2:$H$961,1) -> 0.13930369 | D23: =AVERAGEIFS(Calculations!$M$2:$M$961,Calculations!$D$2:$D$961,'Promo_Stockout_ Impact'!A23,Calculations!$H$2:$H$961,0) -> 0.041642884 | E23: =AVERAGEIFS(Calculations!$M$2:$M$961,Calculations!$D$2:$D$961,'Promo_Stockout_ Impact'!A23,Calculations!$H$2:$H$961,1) -> 0.036970533 | F23: =IFERROR(SUMIFS(Calculations!J:J,Calculations!D:D,A23,Calculations!H:H,0)/SUMIFS(Calculations!E:E,Calculations!D:D,A23,Calculations!H:H,0),"n/a") -> 0.12107926 | G23: =IFERROR(SUMIFS(Calculations!J:J,Calculations!D:D,A23,Calculations!H:H,1)/SUMIFS(Calculations!E:E,Calculations!D:D,A23,Calculations!H:H,1),"n/a") -> 0.13264249 | H23: =IFERROR(SUMIFS(Calculations!L:L,Calculations!D:D,A23,Calculations!H:H,0)/SUMIFS(Calculations!E:E,Calculations!D:D,A23,Calculations!H:H,0),"n/a") -> 0.042158516 | I23: =IFERROR(SUMIFS(Calculations!L:L,Calculations!D:D,A23,Calculations!H:H,1)/SUMIFS(Calculations!E:E,Calculations!D:D,A23,Calculations!H:H,1),"n/a") -> 0.038341969
A24: 2024-10 | B24: =AVERAGEIFS(Calculations!$K$2:$K$961,Calculations!$D$2:$D$961,'Promo_Stockout_ Impact'!A24,Calculations!$H$2:$H$961,0) -> 0.10859266 | C24: =AVERAGEIFS(Calculations!$K$2:$K$961,Calculations!$D$2:$D$961,'Promo_Stockout_ Impact'!A24,Calculations!$H$2:$H$961,1) -> 0.16687629 | D24: =AVERAGEIFS(Calculations!$M$2:$M$961,Calculations!$D$2:$D$961,'Promo_Stockout_ Impact'!A24,Calculations!$H$2:$H$961,0) -> 0.043667286 | E24: =AVERAGEIFS(Calculations!$M$2:$M$961,Calculations!$D$2:$D$961,'Promo_Stockout_ Impact'!A24,Calculations!$H$2:$H$961,1) -> 0.047951918 | F24: =IFERROR(SUMIFS(Calculations!J:J,Calculations!D:D,A24,Calculations!H:H,0)/SUMIFS(Calculations!E:E,Calculations!D:D,A24,Calculations!H:H,0),"n/a") -> 0.11621279 | G24: =IFERROR(SUMIFS(Calculations!J:J,Calculations!D:D,A24,Calculations!H:H,1)/SUMIFS(Calculations!E:E,Calculations!D:D,A24,Calculations!H:H,1),"n/a") -> 0.1563981 | H24: =IFERROR(SUMIFS(Calculations!L:L,Calculations!D:D,A24,Calculations!H:H,0)/SUMIFS(Calculations!E:E,Calculations!D:D,A24,Calculations!H:H,0),"n/a") -> 0.044648512 | I24: =IFERROR(SUMIFS(Calculations!L:L,Calculations!D:D,A24,Calculations!H:H,1)/SUMIFS(Calculations!E:E,Calculations!D:D,A24,Calculations!H:H,1),"n/a") -> 0.05371248
A25: 2024-11 | B25: =AVERAGEIFS(Calculations!$K$2:$K$961,Calculations!$D$2:$D$961,'Promo_Stockout_ Impact'!A25,Calculations!$H$2:$H$961,0) -> 0.11434638 | C25: =AVERAGEIFS(Calculations!$K$2:$K$961,Calculations!$D$2:$D$961,'Promo_Stockout_ Impact'!A25,Calculations!$H$2:$H$961,1) -> 0.14279298 | D25: =AVERAGEIFS(Calculations!$M$2:$M$961,Calculations!$D$2:$D$961,'Promo_Stockout_ Impact'!A25,Calculations!$H$2:$H$961,0) -> 0.048447134 | E25: =AVERAGEIFS(Calculations!$M$2:$M$961,Calculations!$D$2:$D$961,'Promo_Stockout_ Impact'!A25,Calculations!$H$2:$H$961,1) -> 0.048258677 | F25: =IFERROR(SUMIFS(Calculations!J:J,Calculations!D:D,A25,Calculations!H:H,0)/SUMIFS(Calculations!E:E,Calculations!D:D,A25,Calculations!H:H,0),"n/a") -> 0.11087613 | G25: =IFERROR(SUMIFS(Calculations!J:J,Calculations!D:D,A25,Calculations!H:H,1)/SUMIFS(Calculations!E:E,Calculations!D:D,A25,Calculations!H:H,1),"n/a") -> 0.12868217 | H25: =IFERROR(SUMIFS(Calculations!L:L,Calculations!D:D,A25,Calculations!H:H,0)/SUMIFS(Calculations!E:E,Calculations!D:D,A25,Calculations!H:H,0),"n/a") -> 0.051661631 | I25: =IFERROR(SUMIFS(Calculations!L:L,Calculations!D:D,A25,Calculations!H:H,1)/SUMIFS(Calculations!E:E,Calculations!D:D,A25,Calculations!H:H,1),"n/a") -> 0.051162791
A26: 2024-12 | B26: =AVERAGEIFS(Calculations!$K$2:$K$961,Calculations!$D$2:$D$961,'Promo_Stockout_ Impact'!A26,Calculations!$H$2:$H$961,0) -> 0.12639578 | C26: =AVERAGEIFS(Calculations!$K$2:$K$961,Calculations!$D$2:$D$961,'Promo_Stockout_ Impact'!A26,Calculations!$H$2:$H$961,1) -> 0.13082888 | D26: =AVERAGEIFS(Calculations!$M$2:$M$961,Calculations!$D$2:$D$961,'Promo_Stockout_ Impact'!A26,Calculations!$H$2:$H$961,0) -> 0.044139127 | E26: =AVERAGEIFS(Calculations!$M$2:$M$961,Calculations!$D$2:$D$961,'Promo_Stockout_ Impact'!A26,Calculations!$H$2:$H$961,1) -> 0.033817009 | F26: =IFERROR(SUMIFS(Calculations!J:J,Calculations!D:D,A26,Calculations!H:H,0)/SUMIFS(Calculations!E:E,Calculations!D:D,A26,Calculations!H:H,0),"n/a") -> 0.12114537 | G26: =IFERROR(SUMIFS(Calculations!J:J,Calculations!D:D,A26,Calculations!H:H,1)/SUMIFS(Calculations!E:E,Calculations!D:D,A26,Calculations!H:H,1),"n/a") -> 0.12794268 | H26: =IFERROR(SUMIFS(Calculations!L:L,Calculations!D:D,A26,Calculations!H:H,0)/SUMIFS(Calculations!E:E,Calculations!D:D,A26,Calculations!H:H,0),"n/a") -> 0.046530837 | I26: =IFERROR(SUMIFS(Calculations!L:L,Calculations!D:D,A26,Calculations!H:H,1)/SUMIFS(Calculations!E:E,Calculations!D:D,A26,Calculations!H:H,1),"n/a") -> 0.033776868
... A38: 2025-12 | B38: =AVERAGEIFS(Calculations!$K$2:$K$961,Calculations!$D$2:$D$961,'Promo_Stockout_ Impact'!A38,Calculations!$H$2:$H$961,0) -> 0.11662866 | C38: =AVERAGEIFS(Calculations!$K$2:$K$961,Calculations!$D$2:$D$961,'Promo_Stockout_ Impact'!A38,Calculations!$H$2:$H$961,1) -> 0.1255549 | D38: =AVERAGEIFS(Calculations!$M$2:$M$961,Calculations!$D$2:$D$961,'Promo_Stockout_ Impact'!A38,Calculations!$H$2:$H$961,0) -> 0.045864022 | E38: =AVERAGEIFS(Calculations!$M$2:$M$961,Calculations!$D$2:$D$961,'Promo_Stockout_ Impact'!A38,Calculations!$H$2:$H$961,1) -> 0.060576806 | F38: =IFERROR(SUMIFS(Calculations!J:J,Calculations!D:D,A38,Calculations!H:H,0)/SUMIFS(Calculations!E:E,Calculations!D:D,A38,Calculations!H:H,0),"n/a") -> 0.11640361 | G38: =IFERROR(SUMIFS(Calculations!J:J,Calculations!D:D,A38,Calculations!H:H,1)/SUMIFS(Calculations!E:E,Calculations!D:D,A38,Calculations!H:H,1),"n/a") -> 0.11686587 | H38: =IFERROR(SUMIFS(Calculations!L:L,Calculations!D:D,A38,Calculations!H:H,0)/SUMIFS(Calculations!E:E,Calculations!D:D,A38,Calculations!H:H,0),"n/a") -> 0.044532131 | I38: =IFERROR(SUMIFS(Calculations!L:L,Calculations!D:D,A38,Calculations!H:H,1)/SUMIFS(Calculations!E:E,Calculations!D:D,A38,Calculations!H:H,1),"n/a") -> 0.062416999
A40: Month-wise Accuracy Split by Stockout Flag
A42: Month | B42: Stat_MAPE_NoStockout | C42: Stat_MAPE_Stockout | D42: Cons_MAPE_NoStockout | E42: Cons_MAPE_Stockout | F42: Stat_WAPE_NoStockout | G42: Stat_WAPE_Stockout | H42: Cons_WAPE_NoStockout | I42: Cons_WAPE_Stockout
A43: 2024-01 | B43: =AVERAGEIFS(Calculations!$K$2:$K$961,Calculations!$D$2:$D$961,'Promo_Stockout_ Impact'!A43,Calculations!$I$2:$I$961,0) -> 0.1066735 | C43: =AVERAGEIFS(Calculations!$K$2:$K$961,Calculations!$D$2:$D$961,'Promo_Stockout_ Impact'!A43,Calculations!$I$2:$I$961,1) -> 0.11074914 | D43: =AVERAGEIFS(Calculations!$M$2:$M$961,Calculations!$D$2:$D$961,'Promo_Stockout_ Impact'!A43,Calculations!$I$2:$I$961,0) -> 0.033412406 | E43: =AVERAGEIFS(Calculations!$M$2:$M$961,Calculations!$D$2:$D$961,'Promo_Stockout_ Impact'!A43,Calculations!$I$2:$I$961,1) -> 0.043650871 | F43: =IFERROR(SUMIFS(Calculations!J:J,Calculations!D:D,A43,Calculations!I:I,0)/SUMIFS(Calculations!E:E,Calculations!D:D,A43,Calculations!I:I,0),"n/a") -> 0.1016066 | G43: =IFERROR(SUMIFS(Calculations!J:J,Calculations!D:D,A43,Calculations!I:I,1)/SUMIFS(Calculations!E:E,Calculations!D:D,A43,Calculations!I:I,1),"n/a") -> 0.11633663 | H43: =IFERROR(SUMIFS(Calculations!L:L,Calculations!D:D,A43,Calculations!I:I,0)/SUMIFS(Calculations!E:E,Calculations!D:D,A43,Calculations!I:I,0),"n/a") -> 0.029309596 | I43: =IFERROR(SUMIFS(Calculations!L:L,Calculations!D:D,A43,Calculations!I:I,1)/SUMIFS(Calculations!E:E,Calculations!D:D,A43,Calculations!I:I,1),"n/a") -> 0.03960396
A44: 2024-02 | B44: =AVERAGEIFS(Calculations!$K$2:$K$961,Calculations!$D$2:$D$961,'Promo_Stockout_ Impact'!A44,Calculations!$I$2:$I$961,0) -> 0.10991876 | C44: =AVERAGEIFS(Calculations!$K$2:$K$961,Calculations!$D$2:$D$961,'Promo_Stockout_ Impact'!A44,Calculations!$I$2:$I$961,1) -> 0.17286289 | D44: =AVERAGEIFS(Calculations!$M$2:$M$961,Calculations!$D$2:$D$961,'Promo_Stockout_ Impact'!A44,Calculations!$I$2:$I$961,0) -> 0.047844706 | E44: =AVERAGEIFS(Calculations!$M$2:$M$961,Calculations!$D$2:$D$961,'Promo_Stockout_ Impact'!A44,Calculations!$I$2:$I$961,1) -> 0.029244613 | F44: =IFERROR(SUMIFS(Calculations!J:J,Calculations!D:D,A44,Calculations!I:I,0)/SUMIFS(Calculations!E:E,Calculations!D:D,A44,Calculations!I:I,0),"n/a") -> 0.11316271 | G44: =IFERROR(SUMIFS(Calculations!J:J,Calculations!D:D,A44,Calculations!I:I,1)/SUMIFS(Calculations!E:E,Calculations!D:D,A44,Calculations!I:I,1),"n/a") -> 0.15277778 | H44: =IFERROR(SUMIFS(Calculations!L:L,Calculations!D:D,A44,Calculations!I:I,0)/SUMIFS(Calculations!E:E,Calculations!D:D,A44,Calculations!I:I,0),"n/a") -> 0.046435101 | I44: =IFERROR(SUMIFS(Calculations!L:L,Calculations!D:D,A44,Calculations!I:I,1)/SUMIFS(Calculations!E:E,Calculations!D:D,A44,Calculations!I:I,1),"n/a") -> 0.020833333
A45: 2024-03 | B45: =AVERAGEIFS(Calculations!$K$2:$K$961,Calculations!$D$2:$D$961,'Promo_Stockout_ Impact'!A45,Calculations!$I$2:$I$961,0) -> 0.13961736 | C45: =AVERAGEIFS(Calculations!$K$2:$K$961,Calculations!$D$2:$D$961,'Promo_Stockout_ Impact'!A45,Calculations!$I$2:$I$961,1) -> 0.10576923 | D45: =AVERAGEIFS(Calculations!$M$2:$M$961,Calculations!$D$2:$D$961,'Promo_Stockout_ Impact'!A45,Calculations!$I$2:$I$961,0) -> 0.043623543 | E45: =AVERAGEIFS(Calculations!$M$2:$M$961,Calculations!$D$2:$D$961,'Promo_Stockout_ Impact'!A45,Calculations!$I$2:$I$961,1) -> 0.069139194 | F45: =IFERROR(SUMIFS(Calculations!J:J,Calculations!D:D,A45,Calculations!I:I,0)/SUMIFS(Calculations!E:E,Calculations!D:D,A45,Calculations!I:I,0),"n/a") -> 0.13202247 | G45: =IFERROR(SUMIFS(Calculations!J:J,Calculations!D:D,A45,Calculations!I:I,1)/SUMIFS(Calculations!E:E,Calculations!D:D,A45,Calculations!I:I,1),"n/a") -> 0.1350365 | H45: =IFERROR(SUMIFS(Calculations!L:L,Calculations!D:D,A45,Calculations!I:I,0)/SUMIFS(Calculations!E:E,Calculations!D:D,A45,Calculations!I:I,0),"n/a") -> 0.040262172 | I45: =IFERROR(SUMIFS(Calculations!L:L,Calculations!D:D,A45,Calculations!I:I,1)/SUMIFS(Calculations!E:E,Calculations!D:D,A45,Calculations!I:I,1),"n/a") -> 0.080291971
A46: 2024-04 | B46: =AVERAGEIFS(Calculations!$K$2:$K$961,Calculations!$D$2:$D$961,'Promo_Stockout_ Impact'!A46,Calculations!$I$2:$I$961,0) -> 0.12574104 | C46: =AVERAGEIFS(Calculations!$K$2:$K$961,Calculations!$D$2:$D$961,'Promo_Stockout_ Impact'!A46,Calculations!$I$2:$I$961,1) -> 0.076628989 | D46: =AVERAGEIFS(Calculations!$M$2:$M$961,Calculations!$D$2:$D$961,'Promo_Stockout_ Impact'!A46,Calculations!$I$2:$I$961,0) -> 0.041050734 | E46: =AVERAGEIFS(Calculations!$M$2:$M$961,Calculations!$D$2:$D$961,'Promo_Stockout_ Impact'!A46,Calculations!$I$2:$I$961,1) -> 0.044381649 | F46: =IFERROR(SUMIFS(Calculations!J:J,Calculations!D:D,A46,Calculations!I:I,0)/SUMIFS(Calculations!E:E,Calculations!D:D,A46,Calculations!I:I,0),"n/a") -> 0.13717805 | G46: =IFERROR(SUMIFS(Calculations!J:J,Calculations!D:D,A46,Calculations!I:I,1)/SUMIFS(Calculations!E:E,Calculations!D:D,A46,Calculations!I:I,1),"n/a") -> 0.082278481 | H46: =IFERROR(SUMIFS(Calculations!L:L,Calculations!D:D,A46,Calculations!I:I,0)/SUMIFS(Calculations!E:E,Calculations!D:D,A46,Calculations!I:I,0),"n/a") -> 0.040500187 | I46: =IFERROR(SUMIFS(Calculations!L:L,Calculations!D:D,A46,Calculations!I:I,1)/SUMIFS(Calculations!E:E,Calculations!D:D,A46,Calculations!I:I,1),"n/a") -> 0.037974684
A47: 2024-05 | B47: =AVERAGEIFS(Calculations!$K$2:$K$961,Calculations!$D$2:$D$961,'Promo_Stockout_ Impact'!A47,Calculations!$I$2:$I$961,0) -> 0.13061692 | C47: =AVERAGEIFS(Calculations!$K$2:$K$961,Calculations!$D$2:$D$961,'Promo_Stockout_ Impact'!A47,Calculations!$I$2:$I$961,1) -> 0.020317657 | D47: =AVERAGEIFS(Calculations!$M$2:$M$961,Calculations!$D$2:$D$961,'Promo_Stockout_ Impact'!A47,Calculations!$I$2:$I$961,0) -> 0.044656258 | E47: =AVERAGEIFS(Calculations!$M$2:$M$961,Calculations!$D$2:$D$961,'Promo_Stockout_ Impact'!A47,Calculations!$I$2:$I$961,1) -> 0.036819307 | F47: =IFERROR(SUMIFS(Calculations!J:J,Calculations!D:D,A47,Calculations!I:I,0)/SUMIFS(Calculations!E:E,Calculations!D:D,A47,Calculations!I:I,0),"n/a") -> 0.12590361 | G47: =IFERROR(SUMIFS(Calculations!J:J,Calculations!D:D,A47,Calculations!I:I,1)/SUMIFS(Calculations!E:E,Calculations!D:D,A47,Calculations!I:I,1),"n/a") -> 0.017094017 | H47: =IFERROR(SUMIFS(Calculations!L:L,Calculations!D:D,A47,Calculations!I:I,0)/SUMIFS(Calculations!E:E,Calculations!D:D,A47,Calculations!I:I,0),"n/a") -> 0.043975904 | I47: =IFERROR(SUMIFS(Calculations!L:L,Calculations!D:D,A47,Calculations!I:I,1)/SUMIFS(Calculations!E:E,Calculations!D:D,A47,Calculations!I:I,1),"n/a") -> 0.038461538
A48: 2024-06 | B48: =AVERAGEIFS(Calculations!$K$2:$K$961,Calculations!$D$2:$D$961,'Promo_Stockout_ Impact'!A48,Calculations!$I$2:$I$961,0) -> 0.10677407 | C48: =AVERAGEIFS(Calculations!$K$2:$K$961,Calculations!$D$2:$D$961,'Promo_Stockout_ Impact'!A48,Calculations!$I$2:$I$961,1) -> 0.088898105 | D48: =AVERAGEIFS(Calculations!$M$2:$M$961,Calculations!$D$2:$D$961,'Promo_Stockout_ Impact'!A48,Calculations!$I$2:$I$961,0) -> 0.049415553 | E48: =AVERAGEIFS(Calculations!$M$2:$M$961,Calculations!$D$2:$D$961,'Promo_Stockout_ Impact'!A48,Calculations!$I$2:$I$961,1) -> 0.012092075 | F48: =IFERROR(SUMIFS(Calculations!J:J,Calculations!D:D,A48,Calculations!I:I,0)/SUMIFS(Calculations!E:E,Calculations!D:D,A48,Calculations!I:I,0),"n/a") -> 0.11417927 | G48: =IFERROR(SUMIFS(Calculations!J:J,Calculations!D:D,A48,Calculations!I:I,1)/SUMIFS(Calculations!E:E,Calculations!D:D,A48,Calculations!I:I,1),"n/a") -> 0.083832335 | H48: =IFERROR(SUMIFS(Calculations!L:L,Calculations!D:D,A48,Calculations!I:I,0)/SUMIFS(Calculations!E:E,Calculations!D:D,A48,Calculations!I:I,0),"n/a") -> 0.053035284 | I48: =IFERROR(SUMIFS(Calculations!L:L,Calculations!D:D,A48,Calculations!I:I,1)/SUMIFS(Calculations!E:E,Calculations!D:D,A48,Calculations!I:I,1),"n/a") -> 0.011976048
A49: 2024-07 | B49: =AVERAGEIFS(Calculations!$K$2:$K$961,Calculations!$D$2:$D$961,'Promo_Stockout_ Impact'!A49,Calculations!$I$2:$I$961,0) -> 0.11918996 | C49: =AVERAGEIFS(Calculations!$K$2:$K$961,Calculations!$D$2:$D$961,'Promo_Stockout_ Impact'!A49,Calculations!$I$2:$I$961,1) -> 0.15825617 | D49: =AVERAGEIFS(Calculations!$M$2:$M$961,Calculations!$D$2:$D$961,'Promo_Stockout_ Impact'!A49,Calculations!$I$2:$I$961,0) -> 0.042318703 | E49: =AVERAGEIFS(Calculations!$M$2:$M$961,Calculations!$D$2:$D$961,'Promo_Stockout_ Impact'!A49,Calculations!$I$2:$I$961,1) -> 0.043055556 | F49: =IFERROR(SUMIFS(Calculations!J:J,Calculations!D:D,A49,Calculations!I:I,0)/SUMIFS(Calculations!E:E,Calculations!D:D,A49,Calculations!I:I,0),"n/a") -> 0.12127092 | G49: =IFERROR(SUMIFS(Calculations!J:J,Calculations!D:D,A49,Calculations!I:I,1)/SUMIFS(Calculations!E:E,Calculations!D:D,A49,Calculations!I:I,1),"n/a") -> 0.15730337 | H49: =IFERROR(SUMIFS(Calculations!L:L,Calculations!D:D,A49,Calculations!I:I,0)/SUMIFS(Calculations!E:E,Calculations!D:D,A49,Calculations!I:I,0),"n/a") -> 0.04220228 | I49: =IFERROR(SUMIFS(Calculations!L:L,Calculations!D:D,A49,Calculations!I:I,1)/SUMIFS(Calculations!E:E,Calculations!D:D,A49,Calculations!I:I,1),"n/a") -> 0.04494382
A50: 2024-08 | B50: =AVERAGEIFS(Calculations!$K$2:$K$961,Calculations!$D$2:$D$961,'Promo_Stockout_ Impact'!A50,Calculations!$I$2:$I$961,0) -> 0.10281903 | C50: =AVERAGEIFS(Calculations!$K$2:$K$961,Calculations!$D$2:$D$961,'Promo_Stockout_ Impact'!A50,Calculations!$I$2:$I$961,1) -> 0.035181704 | D50: =AVERAGEIFS(Calculations!$M$2:$M$961,Calculations!$D$2:$D$961,'Promo_Stockout_ Impact'!A50,Calculations!$I$2:$I$961,0) -> 0.03861996 | E50: =AVERAGEIFS(Calculations!$M$2:$M$961,Calculations!$D$2:$D$961,'Promo_Stockout_ Impact'!A50,Calculations!$I$2:$I$961,1) -> 0.044528551 | F50: =IFERROR(SUMIFS(Calculations!J:J,Calculations!D:D,A50,Calculations!I:I,0)/SUMIFS(Calculations!E:E,Calculations!D:D,A50,Calculations!I:I,0),"n/a") -> 0.10057708 | G50: =IFERROR(SUMIFS(Calculations!J:J,Calculations!D:D,A50,Calculations!I:I,1)/SUMIFS(Calculations!E:E,Calculations!D:D,A50,Calculations!I:I,1),"n/a") -> 0.034883721 | H50: =IFERROR(SUMIFS(Calculations!L:L,Calculations!D:D,A50,Calculations!I:I,0)/SUMIFS(Calculations!E:E,Calculations!D:D,A50,Calculations!I:I,0),"n/a") -> 0.038746908 | I50: =IFERROR(SUMIFS(Calculations!L:L,Calculations!D:D,A50,Calculations!I:I,1)/SUMIFS(Calculations!E:E,Calculations!D:D,A50,Calculations!I:I,1),"n/a") -> 0.040697674
A51: 2024-09 | B51: =AVERAGEIFS(Calculations!$K$2:$K$961,Calculations!$D$2:$D$961,'Promo_Stockout_ Impact'!A51,Calculations!$I$2:$I$961,0) -> 0.11946237 | C51: =AVERAGEIFS(Calculations!$K$2:$K$961,Calculations!$D$2:$D$961,'Promo_Stockout_ Impact'!A51,Calculations!$I$2:$I$961,1) -> 0.076923077 | D51: =AVERAGEIFS(Calculations!$M$2:$M$961,Calculations!$D$2:$D$961,'Promo_Stockout_ Impact'!A51,Calculations!$I$2:$I$961,0) -> 0.041392808 | E51: =AVERAGEIFS(Calculations!$M$2:$M$961,Calculations!$D$2:$D$961,'Promo_Stockout_ Impact'!A51,Calculations!$I$2:$I$961,1) -> 0 | F51: =IFERROR(SUMIFS(Calculations!J:J,Calculations!D:D,A51,Calculations!I:I,0)/SUMIFS(Calculations!E:E,Calculations!D:D,A51,Calculations!I:I,0),"n/a") -> 0.12423156 | G51: =IFERROR(SUMIFS(Calculations!J:J,Calculations!D:D,A51,Calculations!I:I,1)/SUMIFS(Calculations!E:E,Calculations!D:D,A51,Calculations!I:I,1),"n/a") -> 0.076923077 | H51: =IFERROR(SUMIFS(Calculations!L:L,Calculations!D:D,A51,Calculations!I:I,0)/SUMIFS(Calculations!E:E,Calculations!D:D,A51,Calculations!I:I,0),"n/a") -> 0.041495902 | I51: =IFERROR(SUMIFS(Calculations!L:L,Calculations!D:D,A51,Calculations!I:I,1)/SUMIFS(Calculations!E:E,Calculations!D:D,A51,Calculations!I:I,1),"n/a") -> 0
A52: 2024-10 | B52: =AVERAGEIFS(Calculations!$K$2:$K$961,Calculations!$D$2:$D$961,'Promo_Stockout_ Impact'!A52,Calculations!$I$2:$I$961,0) -> 0.12525943 | C52: =AVERAGEIFS(Calculations!$K$2:$K$961,Calculations!$D$2:$D$961,'Promo_Stockout_ Impact'!A52,Calculations!$I$2:$I$961,1) -> 0.046017234 | D52: =AVERAGEIFS(Calculations!$M$2:$M$961,Calculations!$D$2:$D$961,'Promo_Stockout_ Impact'!A52,Calculations!$I$2:$I$961,0) -> 0.042154007 | E52: =AVERAGEIFS(Calculations!$M$2:$M$961,Calculations!$D$2:$D$961,'Promo_Stockout_ Impact'!A52,Calculations!$I$2:$I$961,1) -> 0.063713745 | F52: =IFERROR(SUMIFS(Calculations!J:J,Calculations!D:D,A52,Calculations!I:I,0)/SUMIFS(Calculations!E:E,Calculations!D:D,A52,Calculations!I:I,0),"n/a") -> 0.1270903 | G52: =IFERROR(SUMIFS(Calculations!J:J,Calculations!D:D,A52,Calculations!I:I,1)/SUMIFS(Calculations!E:E,Calculations!D:D,A52,Calculations!I:I,1),"n/a") -> 0.049261084 | H52: =IFERROR(SUMIFS(Calculations!L:L,Calculations!D:D,A52,Calculations!I:I,0)/SUMIFS(Calculations!E:E,Calculations!D:D,A52,Calculations!I:I,0),"n/a") -> 0.045707915 | I52: =IFERROR(SUMIFS(Calculations!L:L,Calculations!D:D,A52,Calculations!I:I,1)/SUMIFS(Calculations!E:E,Calculations!D:D,A52,Calculations!I:I,1),"n/a") -> 0.054187192
A53: 2024-11 | B53: =AVERAGEIFS(Calculations!$K$2:$K$961,Calculations!$D$2:$D$961,'Promo_Stockout_ Impact'!A53,Calculations!$I$2:$I$961,0) -> 0.11192768 | C53: =AVERAGEIFS(Calculations!$K$2:$K$961,Calculations!$D$2:$D$961,'Promo_Stockout_ Impact'!A53,Calculations!$I$2:$I$961,1) -> 0.15175785 | D53: =AVERAGEIFS(Calculations!$M$2:$M$961,Calculations!$D$2:$D$961,'Promo_Stockout_ Impact'!A53,Calculations!$I$2:$I$961,0) -> 0.045528915 | E53: =AVERAGEIFS(Calculations!$M$2:$M$961,Calculations!$D$2:$D$961,'Promo_Stockout_ Impact'!A53,Calculations!$I$2:$I$961,1) -> 0.064826665 | F53: =IFERROR(SUMIFS(Calculations!J:J,Calculations!D:D,A53,Calculations!I:I,0)/SUMIFS(Calculations!E:E,Calculations!D:D,A53,Calculations!I:I,0),"n/a") -> 0.10875035 | G53: =IFERROR(SUMIFS(Calculations!J:J,Calculations!D:D,A53,Calculations!I:I,1)/SUMIFS(Calculations!E:E,Calculations!D:D,A53,Calculations!I:I,1),"n/a") -> 0.16137566 | H53: =IFERROR(SUMIFS(Calculations!L:L,Calculations!D:D,A53,Calculations!I:I,0)/SUMIFS(Calculations!E:E,Calculations!D:D,A53,Calculations!I:I,0),"n/a") -> 0.050601062 | I53: =IFERROR(SUMIFS(Calculations!L:L,Calculations!D:D,A53,Calculations!I:I,1)/SUMIFS(Calculations!E:E,Calculations!D:D,A53,Calculations!I:I,1),"n/a") -> 0.060846561
A54: 2024-12 | B54: =AVERAGEIFS(Calculations!$K$2:$K$961,Calculations!$D$2:$D$961,'Promo_Stockout_ Impact'!A54,Calculations!$I$2:$I$961,0) -> 0.12994854 | C54: =AVERAGEIFS(Calculations!$K$2:$K$961,Calculations!$D$2:$D$961,'Promo_Stockout_ Impact'!A54,Calculations!$I$2:$I$961,1) -> 0.10861938 | D54: =AVERAGEIFS(Calculations!$M$2:$M$961,Calculations!$D$2:$D$961,'Promo_Stockout_ Impact'!A54,Calculations!$I$2:$I$961,0) -> 0.042596338 | E54: =AVERAGEIFS(Calculations!$M$2:$M$961,Calculations!$D$2:$D$961,'Promo_Stockout_ Impact'!A54,Calculations!$I$2:$I$961,1) -> 0.038423259 | F54: =IFERROR(SUMIFS(Calculations!J:J,Calculations!D:D,A54,Calculations!I:I,0)/SUMIFS(Calculations!E:E,Calculations!D:D,A54,Calculations!I:I,0),"n/a") -> 0.12450082 | G54: =IFERROR(SUMIFS(Calculations!J:J,Calculations!D:D,A54,Calculations!I:I,1)/SUMIFS(Calculations!E:E,Calculations!D:D,A54,Calculations!I:I,1),"n/a") -> 0.099431818 | H54: =IFERROR(SUMIFS(Calculations!L:L,Calculations!D:D,A54,Calculations!I:I,0)/SUMIFS(Calculations!E:E,Calculations!D:D,A54,Calculations!I:I,0),"n/a") -> 0.044867277 | I54: =IFERROR(SUMIFS(Calculations!L:L,Calculations!D:D,A54,Calculations!I:I,1)/SUMIFS(Calculations!E:E,Calculations!D:D,A54,Calculations!I:I,1),"n/a") -> 0.03125
... A66: 2025-12 | B66: =AVERAGEIFS(Calculations!$K$2:$K$961,Calculations!$D$2:$D$961,'Promo_Stockout_ Impact'!A66,Calculations!$I$2:$I$961,0) -> 0.11926965 | C66: =AVERAGEIFS(Calculations!$K$2:$K$961,Calculations!$D$2:$D$961,'Promo_Stockout_ Impact'!A66,Calculations!$I$2:$I$961,1) -> 0.11505239 | D66: =AVERAGEIFS(Calculations!$M$2:$M$961,Calculations!$D$2:$D$961,'Promo_Stockout_ Impact'!A66,Calculations!$I$2:$I$961,0) -> 0.053090818 | E66: =AVERAGEIFS(Calculations!$M$2:$M$961,Calculations!$D$2:$D$961,'Promo_Stockout_ Impact'!A66,Calculations!$I$2:$I$961,1) -> 0.026981352 | F66: =IFERROR(SUMIFS(Calculations!J:J,Calculations!D:D,A66,Calculations!I:I,0)/SUMIFS(Calculations!E:E,Calculations!D:D,A66,Calculations!I:I,0),"n/a") -> 0.11608066 | G66: =IFERROR(SUMIFS(Calculations!J:J,Calculations!D:D,A66,Calculations!I:I,1)/SUMIFS(Calculations!E:E,Calculations!D:D,A66,Calculations!I:I,1),"n/a") -> 0.12009238 | H66: =IFERROR(SUMIFS(Calculations!L:L,Calculations!D:D,A66,Calculations!I:I,0)/SUMIFS(Calculations!E:E,Calculations!D:D,A66,Calculations!I:I,0),"n/a") -> 0.049379524 | I66: =IFERROR(SUMIFS(Calculations!L:L,Calculations!D:D,A66,Calculations!I:I,1)/SUMIFS(Calculations!E:E,Calculations!D:D,A66,Calculations!I:I,1),"n/a") -> 0.032332564
A68: #DIV/0! Indicates that there were no stockout in 2025-01 in any region

Sheet Forecast_Accuracy Metrics
A2: Metric | B2: Statistical Forecast | C2: Consensus Forecast | D2: Improved Statistical Forecast
A3: MAE | B3: =AVERAGE(Calculations!J:J) -> 14.060417 | C3: =AVERAGE(Calculations!L:L) -> 5.0989583 | D3: =AVERAGE(Calculations!O:O) -> 5.7197917
A4: MAPE (%) | B4: =AVERAGE(Calculations!K:K)/100 -> 0.0011726942 | C4: =AVERAGE(Calculations!M:M)/100 -> 0.00043454692 | D4: =AVERAGE(Calculations!P:P)/100 -> 0.00054028004
A5: WAPE (%) | B5: =SUM(Calculations!J:J)/SUM(Calculations!E:E) -> 0.12048881 | C5: =SUM(Calculations!L:L)/SUM(Calculations!E:E) -> 0.043694824 | D5: =SUM(Calculations!O:O)/SUM(Calculations!E:E) -> 0.04901497
A6: RMSE | B6: =SQRT(SUMPRODUCT((Calculations!F2:F961-Calculations!E2:E961),(Calculations!F2:F961-Calculations!E2:E961)/960)) -> 19.109226 | C6: =SQRT(SUMPRODUCT((Calculations!G2:G961-Calculations!E2:E961),(Calculations!G2:G961-Calculations!E2:E961)/960)) -> 6.9252708 | D6: =SQRT(SUMPRODUCT((Calculations!N2:N961-Calculations!E2:E961),(Calculations!N2:N961-Calculations!E2:E961)/960)) -> 7.7097746
A7: Bias (Mean Error) | B7: =(SUM(Calculations!F2:F961)-SUM(Calculations!E2:E961))/960 -> 8.08125 | C7: =(SUM(Calculations!G2:G961)-SUM(Calculations!E2:E961))/960 -> -0.828125 | D7: =(SUM(Calculations!N2:N961)-SUM(Calculations!E2:E961))/960 -> 0.509375

Sheet Monthly Forecast Accuracy Trend
A1: Monthly Forecast Accuracy Trend
A3: Month | B3: Statistical_WAPE | C3: Consensus_WAPE | D3: Improved_Stat_WAPE | E3: Statistical_MAPE | F3: Consensus_MAPE | G3: Improved_Stat_MAPE
A4: 2024-01 | B4: =SUMIF(Calculations!D:D,A4,Calculations!J:J)/SUMIF(Calculations!D:D,A4,Calculations!E:E) -> 0.10279441 | C4: =SUMIF(Calculations!D:D,A4,Calculations!L:L)/SUMIF(Calculations!D:D,A4,Calculations!E:E) -> 0.030139721 | D4: =SUMIF(Calculations!D:D,A4,Calculations!O:O)/SUMIF(Calculations!D:D,A4,Calculations!E:E) -> 0.05748503 | E4: =AVERAGEIF(Calculations!D:D,A4,Calculations!K:K) -> 0.10728484 | F4: =AVERAGEIF(Calculations!D:D,A4,Calculations!M:M) -> 0.034948176 | G4: =AVERAGEIF(Calculations!D:D,A4,Calculations!P:P) -> 0.064563628
A5: 2024-02 | B5: =SUMIF(Calculations!D:D,A5,Calculations!J:J)/SUMIF(Calculations!D:D,A5,Calculations!E:E) -> 0.11417884 | C5: =SUMIF(Calculations!D:D,A5,Calculations!L:L)/SUMIF(Calculations!D:D,A5,Calculations!E:E) -> 0.045778411 | D5: =SUMIF(Calculations!D:D,A5,Calculations!O:O)/SUMIF(Calculations!D:D,A5,Calculations!E:E) -> 0.043819024 | E5: =AVERAGEIF(Calculations!D:D,A5,Calculations!K:K) -> 0.11306596 | F5: =AVERAGEIF(Calculations!D:D,A5,Calculations!M:M) -> 0.046914702 | G5: =AVERAGEIF(Calculations!D:D,A5,Calculations!P:P) -> 0.048918023
A6: 2024-03 | B6: =SUMIF(Calculations!D:D,A6,Calculations!J:J)/SUMIF(Calculations!D:D,A6,Calculations!E:E) -> 0.13216958 | C6: =SUMIF(Calculations!D:D,A6,Calculations!L:L)/SUMIF(Calculations!D:D,A6,Calculations!E:E) -> 0.042215889 | D6: =SUMIF(Calculations!D:D,A6,Calculations!O:O)/SUMIF(Calculations!D:D,A6,Calculations!E:E) -> 0.052190951 | E6: =AVERAGEIF(Calculations!D:D,A6,Calculations!K:K) -> 0.13623255 | F6: =AVERAGEIF(Calculations!D:D,A6,Calculations!M:M) -> 0.046175108 | G6: =AVERAGEIF(Calculations!D:D,A6,Calculations!P:P) -> 0.050466649
A7: 2024-04 | B7: =SUMIF(Calculations!D:D,A7,Calculations!J:J)/SUMIF(Calculations!D:D,A7,Calculations!E:E) -> 0.13560551 | C7: =SUMIF(Calculations!D:D,A7,Calculations!L:L)/SUMIF(Calculations!D:D,A7,Calculations!E:E) -> 0.040427846 | D7: =SUMIF(Calculations!D:D,A7,Calculations!O:O)/SUMIF(Calculations!D:D,A7,Calculations!E:E) -> 0.052211748 | E7: =AVERAGEIF(Calculations!D:D,A7,Calculations!K:K) -> 0.12328544 | F7: =AVERAGEIF(Calculations!D:D,A7,Calculations!M:M) -> 0.04121728 | G7: =AVERAGEIF(Calculations!D:D,A7,Calculations!P:P) -> 0.048942951
A8: 2024-05 | B8: =SUMIF(Calculations!D:D,A8,Calculations!J:J)/SUMIF(Calculations!D:D,A8,Calculations!E:E) -> 0.12102033 | C8: =SUMIF(Calculations!D:D,A8,Calculations!L:L)/SUMIF(Calculations!D:D,A8,Calculations!E:E) -> 0.043728423 | D8: =SUMIF(Calculations!D:D,A8,Calculations!O:O)/SUMIF(Calculations!D:D,A8,Calculations!E:E) -> 0.043153049 | E8: =AVERAGEIF(Calculations!D:D,A8,Calculations!K:K) -> 0.12234447 | F8: =AVERAGEIF(Calculations!D:D,A8,Calculations!M:M) -> 0.044068487 | G8: =AVERAGEIF(Calculations!D:D,A8,Calculations!P:P) -> 0.045319665
A9: 2024-06 | B9: =SUMIF(Calculations!D:D,A9,Calculations!J:J)/SUMIF(Calculations!D:D,A9,Calculations!E:E) -> 0.11310782 | C9: =SUMIF(Calculations!D:D,A9,Calculations!L:L)/SUMIF(Calculations!D:D,A9,Calculations!E:E) -> 0.051585624 | D9: =SUMIF(Calculations!D:D,A9,Calculations!O:O)/SUMIF(Calculations!D:D,A9,Calculations!E:E) -> 0.040169133 | E9: =AVERAGEIF(Calculations!D:D,A9,Calculations!K:K) -> 0.10498647 | F9: =AVERAGEIF(Calculations!D:D,A9,Calculations!M:M) -> 0.045683205 | G9: =AVERAGEIF(Calculations!D:D,A9,Calculations!P:P) -> 0.048005286
A10: 2024-07 | B10: =SUMIF(Calculations!D:D,A10,Calculations!J:J)/SUMIF(Calculations!D:D,A10,Calculations!E:E) -> 0.12203229 | C10: =SUMIF(Calculations!D:D,A10,Calculations!L:L)/SUMIF(Calculations!D:D,A10,Calculations!E:E) -> 0.042260209 | D10: =SUMIF(Calculations!D:D,A10,Calculations!O:O)/SUMIF(Calculations!D:D,A10,Calculations!E:E) -> 0.055555556 | E10: =AVERAGEIF(Calculations!D:D,A10,Calculations!K:K) -> 0.12211992 | F10: =AVERAGEIF(Calculations!D:D,A10,Calculations!M:M) -> 0.042373967 | G10: =AVERAGEIF(Calculations!D:D,A10,Calculations!P:P) -> 0.065000909
A11: 2024-08 | B11: =SUMIF(Calculations!D:D,A11,Calculations!J:J)/SUMIF(Calculations!D:D,A11,Calculations!E:E) -> 0.097612175 | C11: =SUMIF(Calculations!D:D,A11,Calculations!L:L)/SUMIF(Calculations!D:D,A11,Calculations!E:E) -> 0.038834951 | D11: =SUMIF(Calculations!D:D,A11,Calculations!O:O)/SUMIF(Calculations!D:D,A11,Calculations!E:E) -> 0.050905274 | E11: =AVERAGEIF(Calculations!D:D,A11,Calculations!K:K) -> 0.096055299 | F11: =AVERAGEIF(Calculations!D:D,A11,Calculations!M:M) -> 0.039210819 | G11: =AVERAGEIF(Calculations!D:D,A11,Calculations!P:P) -> 0.071647381
A12: 2024-09 | B12: =SUMIF(Calculations!D:D,A12,Calculations!J:J)/SUMIF(Calculations!D:D,A12,Calculations!E:E) -> 0.12391858 | C12: =SUMIF(Calculations!D:D,A12,Calculations!L:L)/SUMIF(Calculations!D:D,A12,Calculations!E:E) -> 0.041221374 | D12: =SUMIF(Calculations!D:D,A12,Calculations!O:O)/SUMIF(Calculations!D:D,A12,Calculations!E:E) -> 0.049618321 | E12: =AVERAGEIF(Calculations!D:D,A12,Calculations!K:K) -> 0.11839889 | F12: =AVERAGEIF(Calculations!D:D,A12,Calculations!M:M) -> 0.040357987 | G12: =AVERAGEIF(Calculations!D:D,A12,Calculations!P:P) -> 0.057405115
A13: 2024-10 | B13: =SUMIF(Calculations!D:D,A13,Calculations!J:J)/SUMIF(Calculations!D:D,A13,Calculations!E:E) -> 0.12292271 | C13: =SUMIF(Calculations!D:D,A13,Calculations!L:L)/SUMIF(Calculations!D:D,A13,Calculations!E:E) -> 0.046161963 | D13: =SUMIF(Calculations!D:D,A13,Calculations!O:O)/SUMIF(Calculations!D:D,A13,Calculations!E:E) -> 0.039567396 | E13: =AVERAGEIF(Calculations!D:D,A13,Calculations!K:K) -> 0.11733521 | F13: =AVERAGEIF(Calculations!D:D,A13,Calculations!M:M) -> 0.044309981 | G13: =AVERAGEIF(Calculations!D:D,A13,Calculations!P:P) -> 0.046409527
A14: 2024-11 | B14: =SUMIF(Calculations!D:D,A14,Calculations!J:J)/SUMIF(Calculations!D:D,A14,Calculations!E:E) -> 0.11378003 | C14: =SUMIF(Calculations!D:D,A14,Calculations!L:L)/SUMIF(Calculations!D:D,A14,Calculations!E:E) -> 0.051580278 | D14: =SUMIF(Calculations!D:D,A14,Calculations!O:O)/SUMIF(Calculations!D:D,A14,Calculations!E:E) -> 0.052591656 | E14: =AVERAGEIF(Calculations!D:D,A14,Calculations!K:K) -> 0.11790221 | F14: =AVERAGEIF(Calculations!D:D,A14,Calculations!M:M) -> 0.048423577 | G14: =AVERAGEIF(Calculations!D:D,A14,Calculations!P:P) -> 0.062436625
A15: 2024-12 | B15: =SUMIF(Calculations!D:D,A15,Calculations!J:J)/SUMIF(Calculations!D:D,A15,Calculations!E:E) -> 0.12258624 | C15: =SUMIF(Calculations!D:D,A15,Calculations!L:L)/SUMIF(Calculations!D:D,A15,Calculations!E:E) -> 0.043827294 | D15: =SUMIF(Calculations!D:D,A15,Calculations!O:O)/SUMIF(Calculations!D:D,A15,Calculations!E:E) -> 0.047298763 | E15: =AVERAGEIF(Calculations!D:D,A15,Calculations!K:K) -> 0.1272824 | F15: =AVERAGEIF(Calculations!D:D,A15,Calculations!M:M) -> 0.042074703 | G15: =AVERAGEIF(Calculations!D:D,A15,Calculations!P:P) -> 0.050575429
... A27: 2025-12 | B27: =SUMIF(Calculations!D:D,A27,Calculations!J:J)/SUMIF(Calculations!D:D,A27,Calculations!E:E) -> 0.11648454 | C27: =SUMIF(Calculations!D:D,A27,Calculations!L:L)/SUMIF(Calculations!D:D,A27,Calculations!E:E) -> 0.047663334 | D27: =SUMIF(Calculations!D:D,A27,Calculations!O:O)/SUMIF(Calculations!D:D,A27,Calculations!E:E) -> 0.056963497 | E27: =AVERAGEIF(Calculations!D:D,A27,Calculations!K:K) -> 0.11863706 | F27: =AVERAGEIF(Calculations!D:D,A27,Calculations!M:M) -> 0.049174398 | G27: =AVERAGEIF(Calculations!D:D,A27,Calculations!P:P) -> 0.062073967

Sheet Region Category
A1: Accuracy by Region and Category
A3: Region | B3: MAPE_Statistical | C3: MAPE_Consensus | D3: MAPE_Improved_Stat
A4: APAC | B4: =AVERAGEIF(Calculations!C:C,'Region Category'!A4,Calculations!K:K) -> 0.11484512 | C4: =AVERAGEIF(Calculations!C:C,'Region Category'!A4,Calculations!M:M) -> 0.044228045 | D4: =AVERAGEIF(Calculations!C:C,'Region Category'!A4,Calculations!P:P) -> 0.055648125
A5: EMEA | B5: =AVERAGEIF(Calculations!C:C,'Region Category'!A5,Calculations!K:K) -> 0.10991461 | C5: =AVERAGEIF(Calculations!C:C,'Region Category'!A5,Calculations!M:M) -> 0.044218366 | D5: =AVERAGEIF(Calculations!C:C,'Region Category'!A5,Calculations!P:P) -> 0.048763851
A6: LATAM | B6: =AVERAGEIF(Calculations!C:C,'Region Category'!A6,Calculations!K:K) -> 0.11413236 | C6: =AVERAGEIF(Calculations!C:C,'Region Category'!A6,Calculations!M:M) -> 0.044646174 | D6: =AVERAGEIF(Calculations!C:C,'Region Category'!A6,Calculations!P:P) -> 0.058900977
A7: North America | B7: =AVERAGEIF(Calculations!C:C,'Region Category'!A7,Calculations!K:K) -> 0.13018561 | C7: =AVERAGEIF(Calculations!C:C,'Region Category'!A7,Calculations!M:M) -> 0.040726182 | D7: =AVERAGEIF(Calculations!C:C,'Region Category'!A7,Calculations!P:P) -> 0.052799064
A10: Category | B10: MAPE_Statistical | C10: MAPE_Consensus | D10: MAPE_Improved_Stat
A11: Infusion Pumps | B11: =AVERAGEIF(Calculations!B:B,'Region Category'!A11,Calculations!K:K) -> 0.12023575 | C11: =AVERAGEIF(Calculations!B:B,'Region Category'!A11,Calculations!M:M) -> 0.04441836 | D11: =AVERAGEIF(Calculations!B:B,'Region Category'!A11,Calculations!P:P) -> 0.053655429
A12: MRI Coils | B12: =AVERAGEIF(Calculations!B:B,'Region Category'!A12,Calculations!K:K) -> 0.10153131 | C12: =AVERAGEIF(Calculations!B:B,'Region Category'!A12,Calculations!M:M) -> 0.042292989 | D12: =AVERAGEIF(Calculations!B:B,'Region Category'!A12,Calculations!P:P) -> 0.055921615
A13: Orthopedic Screws | B13: =AVERAGEIF(Calculations!B:B,'Region Category'!A13,Calculations!K:K) -> 0.12735023 | C13: =AVERAGEIF(Calculations!B:B,'Region Category'!A13,Calculations!M:M) -> 0.04682379 | D13: =AVERAGEIF(Calculations!B:B,'Region Category'!A13,Calculations!P:P) -> 0.053821756
A14: Stents (Cardiac) | B14: =AVERAGEIF(Calculations!B:B,'Region Category'!A14,Calculations!K:K) -> 0.11898945 | C14: =AVERAGEIF(Calculations!B:B,'Region Category'!A14,Calculations!M:M) -> 0.040651864 | D14: =AVERAGEIF(Calculations!B:B,'Region Category'!A14,Calculations!P:P) -> 0.056042257
A15: Surgical Lasers | B15: =AVERAGEIF(Calculations!B:B,'Region Category'!A15,Calculations!K:K) -> 0.11824038 | C15: =AVERAGEIF(Calculations!B:B,'Region Category'!A15,Calculations!M:M) -> 0.043086457 | D15: =AVERAGEIF(Calculations!B:B,'Region Category'!A15,Calculations!P:P) -> 0.050698965

Sheet SKU_Pareto
A1: SKU-Level Accuracy & Pareto (Volume) Analysis
A3: SKU | B3: Category | C3: Total_Actual_Sales | D3: %_of_Total | E3: Cumulative_% | F3: WAPE_Statistical | G3: WAPE_Consensus | H3: WAPE_Improved_Stat
A4: SKU-IP-01 | B4: Surgical Lasers | C4: =SUMIF(Calculations!A:A,SKU_Pareto!A4,Calculations!E:E) -> 11860 | D4: =C4/SUM(Calculations!E:E) -> 0.10586734 | E4: =D4 -> 0.10586734 | F4: =SUMIF(Calculations!A:A,SKU_Pareto!A4,Calculations!J:J)/SKU_Pareto!C4 -> 0.1336425 | G4: =SUMIF(Calculations!A:A,SKU_Pareto!A4,Calculations!L:L)/SKU_Pareto!C4 -> 0.043086003 | H4: =SUMIF(Calculations!A:A,SKU_Pareto!A4,Calculations!O:O)/SKU_Pareto!C4 -> 0.053794266
A5: SKU-IP-02 | B5: Infusion Pumps | C5: =SUMIF(Calculations!A:A,SKU_Pareto!A5,Calculations!E:E) -> 12590 | D5: =C5/SUM(Calculations!E:E) -> 0.11238362 | E5: =E4+D5 -> 0.21825096 | F5: =SUMIF(Calculations!A:A,SKU_Pareto!A5,Calculations!J:J)/SKU_Pareto!C5 -> 0.12216044 | G5: =SUMIF(Calculations!A:A,SKU_Pareto!A5,Calculations!L:L)/SKU_Pareto!C5 -> 0.046703733 | H5: =SUMIF(Calculations!A:A,SKU_Pareto!A5,Calculations!O:O)/SKU_Pareto!C5 -> 0.045750596
A6: SKU-MRI-01 | B6: Stents (Cardiac) | C6: =SUMIF(Calculations!A:A,SKU_Pareto!A6,Calculations!E:E) -> 10863 | D6: =C6/SUM(Calculations!E:E) -> 0.096967695 | E6: =E5+D6 -> 0.31521865 | F6: =SUMIF(Calculations!A:A,SKU_Pareto!A6,Calculations!J:J)/SKU_Pareto!C6 -> 0.11157139 | G6: =SUMIF(Calculations!A:A,SKU_Pareto!A6,Calculations!L:L)/SKU_Pareto!C6 -> 0.036361963 | H6: =SUMIF(Calculations!A:A,SKU_Pareto!A6,Calculations!O:O)/SKU_Pareto!C6 -> 0.045015189
A7: SKU-MRI-02 | B7: Infusion Pumps | C7: =SUMIF(Calculations!A:A,SKU_Pareto!A7,Calculations!E:E) -> 10305 | D7: =C7/SUM(Calculations!E:E) -> 0.091986753 | E7: =E6+D7 -> 0.40720541 | F7: =SUMIF(Calculations!A:A,SKU_Pareto!A7,Calculations!J:J)/SKU_Pareto!C7 -> 0.096749151 | G7: =SUMIF(Calculations!A:A,SKU_Pareto!A7,Calculations!L:L)/SKU_Pareto!C7 -> 0.048131975 | H7: =SUMIF(Calculations!A:A,SKU_Pareto!A7,Calculations!O:O)/SKU_Pareto!C7 -> 0.050557982
A8: SKU-OS-01 | B8: MRI Coils | C8: =SUMIF(Calculations!A:A,SKU_Pareto!A8,Calculations!E:E) -> 10825 | D8: =C8/SUM(Calculations!E:E) -> 0.096628491 | E8: =E7+D8 -> 0.5038339 | F8: =SUMIF(Calculations!A:A,SKU_Pareto!A8,Calculations!J:J)/SKU_Pareto!C8 -> 0.132194 | G8: =SUMIF(Calculations!A:A,SKU_Pareto!A8,Calculations!L:L)/SKU_Pareto!C8 -> 0.041570439 | H8: =SUMIF(Calculations!A:A,SKU_Pareto!A8,Calculations!O:O)/SKU_Pareto!C8 -> 0.048591224
A9: SKU-OS-02 | B9: Orthopedic Screws | C9: =SUMIF(Calculations!A:A,SKU_Pareto!A9,Calculations!E:E) -> 10240 | D9: =C9/SUM(Calculations!E:E) -> 0.091406536 | E9: =E8+D9 -> 0.59524043 | F9: =SUMIF(Calculations!A:A,SKU_Pareto!A9,Calculations!J:J)/SKU_Pareto!C9 -> 0.12431641 | G9: =SUMIF(Calculations!A:A,SKU_Pareto!A9,Calculations!L:L)/SKU_Pareto!C9 -> 0.051660156 | H9: =SUMIF(Calculations!A:A,SKU_Pareto!A9,Calculations!O:O)/SKU_Pareto!C9 -> 0.056054687
A10: SKU-SL-01 | B10: MRI Coils | C10: =SUMIF(Calculations!A:A,SKU_Pareto!A10,Calculations!E:E) -> 15322 | D10: =C10/SUM(Calculations!E:E) -> 0.1367706 | E10: =E9+D10 -> 0.73201103 | F10: =SUMIF(Calculations!A:A,SKU_Pareto!A10,Calculations!J:J)/SKU_Pareto!C10 -> 0.093329852 | G10: =SUMIF(Calculations!A:A,SKU_Pareto!A10,Calculations!L:L)/SKU_Pareto!C10 -> 0.044772223 | H10: =SUMIF(Calculations!A:A,SKU_Pareto!A10,Calculations!O:O)/SKU_Pareto!C10 -> 0.048688161
A11: SKU-SL-02 | B11: Orthopedic Screws | C11: =SUMIF(Calculations!A:A,SKU_Pareto!A11,Calculations!E:E) -> 9572 | D11: =C11/SUM(Calculations!E:E) -> 0.085443688 | E11: =E10+D11 -> 0.81745472 | F11: =SUMIF(Calculations!A:A,SKU_Pareto!A11,Calculations!J:J)/SKU_Pareto!C11 -> 0.13163393 | G11: =SUMIF(Calculations!A:A,SKU_Pareto!A11,Calculations!L:L)/SKU_Pareto!C11 -> 0.042937735 | H11: =SUMIF(Calculations!A:A,SKU_Pareto!A11,Calculations!O:O)/SKU_Pareto!C11 -> 0.047638947
A12: SKU-ST-01 | B12: Surgical Lasers | C12: =SUMIF(Calculations!A:A,SKU_Pareto!A12,Calculations!E:E) -> 12475 | D12: =C12/SUM(Calculations!E:E) -> 0.11135708 | E12: =E11+D12 -> 0.9288118 | F12: =SUMIF(Calculations!A:A,SKU_Pareto!A12,Calculations!J:J)/SKU_Pareto!C12 -> 0.16224449 | G12: =SUMIF(Calculations!A:A,SKU_Pareto!A12,Calculations!L:L)/SKU_Pareto!C12 -> 0.039599198 | H12: =SUMIF(Calculations!A:A,SKU_Pareto!A12,Calculations!O:O)/SKU_Pareto!C12 -> 0.044328657
A13: SKU-ST-02 | B13: Stents (Cardiac) | C13: =SUMIF(Calculations!A:A,SKU_Pareto!A13,Calculations!E:E) -> 7975 | D13: =C13/SUM(Calculations!E:E) -> 0.071188196 | E13: =E12+D13 -> 1 | F13: =SUMIF(Calculations!A:A,SKU_Pareto!A13,Calculations!J:J)/SKU_Pareto!C13 -> 0.093793103 | G13: =SUMIF(Calculations!A:A,SKU_Pareto!A13,Calculations!L:L)/SKU_Pareto!C13 -> 0.04200627 | H13: =SUMIF(Calculations!A:A,SKU_Pareto!A13,Calculations!O:O)/SKU_Pareto!C13 -> 0.051661442

Sheet Pivot
A1: Month | B1: (All)
A2: Stockout_Flag | B2: (All)
A3: Promotion_Flag | B3: (All)
B5: Sum of Actual_Sales | C5: Sum of Consensus_Forecast | D5: Sum of Statistical_Forecast
A6: SKU-IP-01 | B6: 11860 | C6: 11755 | D6: 13073
A7: APAC | B7: 1395 | C7: 1385 | D7: 1590
A8: EMEA | B8: 4215 | C8: 4165 | D8: 4686
A9: LATAM | B9: 1843 | C9: 1837 | D9: 1768
A10: North America | B10: 4407 | C10: 4368 | D10: 5029
A11: SKU-IP-02 | B11: 12590 | C11: 12578 | D11: 13806
A12: APAC | B12: 1829 | C12: 1853 | D12: 1899
A13: EMEA | B13: 3752 | C13: 3779 | D13: 4078
A14: LATAM | B14: 4132 | C14: 4144 | D14: 4783
A15: North America | B15: 2877 | C15: 2802 | D15: 3046
A16: SKU-MRI-01 | B16: 10863 | C16: 10800 | D16: 11149
A17: APAC | B17: 2524 | C17: 2514 | D17: 2883
... A56: Grand Total | B56: 112027 | C56: 111232 | D56: 119785
